"messageKey","","en","de","es","fr","pt","ru","zh","ka"
"modifier.horizons.name.absolute_damage_ratio","Absolute Damage Ratio","Absolute Damage Ratio","Absolutes Schadenverhältnis","Porcentaje de Daño Absoluto","","Razão de Dano Absoluto","Абсолютный урон","绝对伤害比例",""
"modifier.horizons.name.ammo_capacity","Ammo Capacity","Ammo Capacity","Munitionskapazität","Capacidad de munición","Capacité de munitions","Capacidade de munição","Макс. боекомплект","弹药容量",""
"modifier.horizons.name.ammo_clip_size","Clip Size","Clip Size","Filmgröße","Tamaño del cargador","Taille du clip","Tamanho do pente","Размер магазина","弹匣大小",""
"modifier.horizons.name.ammo_cost","Ammo Cost","Ammo Cost","Munitionskosten","Coste de munición","","Custo da Munição","Стоимость боеприпасов","弹药价格",""
"modifier.horizons.name.ammo_maximum","Ammo Maximum","Ammo Maximum","Munition maximal","Munición máxima","Mamo maximum","Munição máxima","Макс. боекомплект","备弹上限",""
"modifier.horizons.name.anti_xeno_damage","Anti Xeno Damage","Anti Xeno Damage","Anti-Xeno-Schaden","Daño Anti-Xeno","Dommages anti xéno","Dano Anti-xeno","АИ урон","反异种伤害",""
"modifier.horizons.name.anti_xeno_damage_ratio","Anti Xeno Damage Ratio","Anti Xeno Damage Ratio","Anti Xeno Schadensverhältnis","Porcentaje de daño Anti-Xeno","","Razão do Dano Anti-xeno","АИ урон","反异种伤害比例",""
"modifier.horizons.name.area_fsds_reboot","Area FSD’s Reboot","Area FSD’s Reboot","Neustart des Bereichs FSD","Reinicio del MDD","Redémarrage de la zone FSD","Área de Reinicialização do Motor de Distorção","Перезагрузка FSD в области действия","范围内的飞船FSD重启",""
"modifier.horizons.name.anti_guardian_zone_resistance","Anti Guardian Zone Resistance","","Anti-Guardian-Zonen-Widerstand","Resistencia a Zona Anti-Guardián","","Resistência à Zona Anti-Guardian","Защита от отключающего поля","反守护者力场抗性",""
"modifier.horizons.name.area_heat_increased_sensors_disrupted","Area Heat Increased Sensors Disrupted","Area Heat Increased Sensors Disrupted","Die Flächenwärme erhöhte die Sensoren gestört","Calor de área aumentada Alteración de Sensores","La chaleur de la zone a augmenté les capteurs perturbés","Sensores de aumento de calor da área interrompidos","Нагревает, вызывает сбой в работе сенсоров в области действия","范围内热量增加，传感器侦测中断",""
"modifier.horizons.name.armour","Armour","Armour","Panzerung","Blindaje","","Blindagem","Броня","装甲",""
"modifier.horizons.name.armour_hardness","Armour Hardness","Armour Hardness","Härte der Panzerung","Clase del Blindaje","","Classe da Blindagem","Рейтинг брони","装甲硬度",""
"modifier.horizons.name.armour_piercing","Armour Piercing","Armour Piercing","Panzerung durchdringen","Penetración del blindaje","Perçage d’armure","Perfuração de Blindagem","Бронебойность","穿甲能力",""
"modifier.horizons.name.auto_reload_while_firing","Auto Reload While Firing","Auto Reload While Firing","Automatische Neulade beim Schießen neu laden","Recarga automática mientras se dispara","Rechargement automatique pendant le tir","Recarregamento automático durante o disparo","Перезарядка во время стрельбы","开火时自动重新装填",""
"modifier.horizons.name.bin_count","Bin Count","Bin Count","Bin Anzahl","","","Capacidade","Количество ячеек","精炼栏位",""
"modifier.horizons.name.boost_augmenter_power_use","Boost Augmenter Power Use","Boost Augmenter Power Use","Boost-Verstärker-Energieverbrauch","Consumo de energía del posquemador","","Consumo de energia do potencializador","Энергопотребление Усилителя ускорения","Boost Augmenter Power Use",""
"modifier.horizons.name.boost_cost","Boost Cost","Boost Cost","Boost Kosten","Costo de Postquemador","","Custo do Impulso","Стоимость ускорения","单次加力电量消耗",""
"modifier.horizons.name.boost_speed","Boost Speed","Boost Speed","Boost-Geschwindigkeit","Velocidad en Postquemador","","Velocidade do Impulso","Степень ускорения","加力速度",""
"modifier.horizons.name.boost_speed_multiplier","Boost Speed Multiplier","Boost Speed Multiplier","Boost-Geschwindigkeits-Faktor","Multiplicador de Velocidad en Postquemador","","Multiplicador de Velocidade do Impulso","Множитель степени ускорения","加力速度加成",""
"modifier.horizons.name.boot_time","Boot Time","Boot Time","Bootzeit","Tiempo de arranque","Temps de démarrage","Tempo de inicialização","Время загрузки","启用时间",""
"modifier.horizons.name.breach_damage","Breach Damage","Breach Damage","Bruchschaden","Daño de Penetración","","Dano de Violação","Проникающий урон","破坏模组伤害",""
"modifier.horizons.name.broken_regen_rate","Broken Regen Rate","Broken Regen Rate","Gebrochene Regenrate","Tasa de regeneración rota","Taux de régénie cassé","Taxa de regeneração quebrada","Скорость восстановления","失效重构速率",""
"modifier.horizons.name.burst_interval","Burst Interval","Burst Interval","Burst-Intervall","Intervalo de ráfaga","","Intervalo da Rajada","Время очереди","开火间隔",""
"modifier.horizons.name.burst_rate_of_fire","Burst Rate Of Fire","Burst Rate Of Fire","Brennrate des Feuers","Cadencia de ráfaga","Éclatement de feu","Cadência da Rajada","Скорострельность очереди","单轮开火的射速",""
"modifier.horizons.name.burst_size","Burst Size","Burst Size","Burstgröße","Tamaño de ráfaga","Taille de l’éclatement","Tamanho da Rajada","Длина очереди","一轮开火射击次数",""
"modifier.horizons.name.cabin_capacity","Cabin Capacity","Cabin Capacity","Kabinenkapazität","Capacidad de la Cabina","","Capacidade da Cabine","Емкость кабины","客舱容量",""
"modifier.horizons.name.cabin_class","Cabin Class","Cabin Class","Kabinenklasse","Clase de la cabina","","Classe da Cabine","Класс кабины","客舱等级",""
"modifier.horizons.name.cargo_capacity","Cargo Capacity","Cargo Capacity","","Capacidad de carga","","Capacidade de Carga","Емкость стеллажа","货物容量",""
"modifier.horizons.name.caustic_damage_ratio","Caustic Damage Ratio","Caustic Damage Ratio","","Porcentaje de daño Caústico","","Razão do Dano Cáustico","Едкий урон","腐蚀伤害比例",""
"modifier.horizons.name.caustic_resistance","Caustic Resistance","Caustic Resistance","","Resistencia Caústica","","Resistência Cáustica","Сопротивление едкому урону","腐蚀抗性",""
"modifier.horizons.name.charge_time","Charge Time","Charge Time","","Tiempo de Recarga","","Tempo de Carregamento","Время зарядки","充能时间",""
"modifier.horizons.name.collision_resistance","Collision Resistance","Collision Resistance","","Resistencia a las Colisiones","","Resistência a Colisão","Сопротивление столкновению","撞击抗性",""
"modifier.horizons.name.consumption","Consumption","Consumption","","Consumo","","Consumo","Потребление","消耗",""
"modifier.horizons.name.crew","Crew","Crew","","Tripulación","Équipage","Tripulação","Экипаж","船员",""
"modifier.horizons.name.damage","Damage","Damage","Schaden","Daño","Dégâts","Dano","Урон","伤害",""
"modifier.horizons.name.damage_boost","Damage Boost","Damage Boost","Schadensschub","Mejora del daño","Boost des dégâts","Incremento de Dano","Бонусный урон","伤害强化",""
"modifier.horizons.name.damage_falloff_start","Damage Falloff Start","Damage Falloff Start","Schadenserscheinungsstart","Inicio de la caída de daño","Début des dégâts","Início de Perda de Eficiência","Радиус полного урона","伤害衰减开始于",""
"modifier.horizons.name.damage_increases_with_heat_level","Damage Increases With Heat Level","Damage Increases With Heat Level","Der Schaden nimmt mit dem Wärmespiegel zu","El daño aumenta con el nivel de calor","Les dommages augmentent avec le niveau de chaleur","Dano aumenta com o nível de calor","Увеличивает урон при высоком нагреве","伤害随热量上升而增加",""
"modifier.horizons.name.damage_multiplier","Damage Multiplier","Damage Multiplier","","Multiplicador de Daño","Multiplicateur de dégâts","Multiplicador de Dano","Множитель урона","伤害倍率",""
"modifier.horizons.name.damage_partially_explosive","Damage Partially Explosive","Damage Partially Explosive","Teilweise explosiv Schaden","Daño parcialmente explosivo","Dommages partiellement explosifs","Dano parcialmente explosivo","Часть урона становится взрывным","部分伤害转为爆炸",""
"modifier.horizons.name.damage_partially_kinetic","Damage Partially Kinetic","Damage Partially Kinetic","Teilweise kinetisch schädigen","Daño parcialmente cinético","Dommages partiellement cinétiques","Danos parcialmente cinético","Часть урона становится кинетическим","部分伤害转为动能",""
"modifier.horizons.name.damage_partially_thermal","Damage Partially Thermal","Damage Partially Thermal","Teilweise thermisch schaden","Daño parcialmente térmico","Dommage partiellement thermique","Dano parcialmente térmico","Часть урона становится тепловым","部分伤害转为热能",""
"modifier.horizons.name.damage_per_second","Damage Per Second","Damage Per Second","","Daño Por Segundo","Dégâts par seconde","Dano por Segundo","Урон в секунду","每秒伤害",""
"modifier.horizons.name.damage_type","Damage Type","Damage Type","","Tipo de Daño","Type de dégât","Tipo de Dano","Тип урона","伤害类型",""
"modifier.horizons.name.discovery_scanner_passive_range","Discovery Scanner Passive Range","Discovery Scanner Passive Range","","Rango Pasivo del Escaner de Descubrimiento","Portée passive du scanner de découverte","Alcance do Sensor de Descoberta Passivo","Расстояние пассивной работы сканера обнаружения","Discovery Scanner被动范围",""
"modifier.horizons.name.discovery_scanner_range","Discovery Scanner Range","Discovery Scanner Range","","Rango del Escaner de Descubrimiento","Portée du scanner de découverte","Alcance do Sensor de Descoberta","Расстояние работы сканера обнаружения","Discovery Scanner范围",""
"modifier.horizons.name.disruption_barrier_active_power","Disruption Barrier Active Power","Disruption Barrier Active Power","","Consumo activo de barrera de disrupción","","Consumo Ativo de Barreira de Disrupção","Мощность активного барьера разрушения","抵抗干扰电力消耗",""
"modifier.horizons.name.disruption_barrier_charge_duration","Disruption Barrier Charge Duration","Disruption Barrier Charge Duration","","Duración de la carga de barrera de disrupción","","Duração da Carga de Barreira de Disrupção","Длительность заряда барьера разрушения","抵抗干扰充能时间",""
"modifier.horizons.name.disruption_barrier_cooldown","Disruption Barrier Cooldown","Disruption Barrier Cooldown","","Tiempo de enfriamiento de barrera de disrupción","","Resfriamento de Barreira de Disrupção","Время остывания барьера разрушения","抵抗干扰冷却",""
"modifier.horizons.name.disruption_barrier_range","Disruption Barrier Range","Disruption Barrier Range","","Alcance de barrera de disrupción","","Alcance de Barreira de Disrupção","Дальность барьера разрушения","抵抗干扰有效范围",""
"modifier.horizons.name.distributor_draw","Distributor Draw","Distributor Draw","","Consumo de Distribuidor","Trache du distributeur","Consumo do Distribuidor","Тяга распределителя","配电器电量消耗",""
"modifier.horizons.name.drone_active_range","Drone Active Range","Drone Active Range","","Rango de dron activo","","Alcance Ativo do Drone","Расстояние работы дрона","无人机有效范围",""
"modifier.horizons.name.drone_fuel_capacity","Drone Fuel Capacity","Drone Fuel Capacity","","Capacidad de combustible del Dron","","Capacidade do Drone de Combustível","Топливная емкость дрона","无人机燃料容量",""
"modifier.horizons.name.drone_hacking_time","Drone Hacking Time","Drone Hacking Time","","Tiempo de Hackeo del Dron","","Tempo de Hacking do Drone","Время взлома дроном","无人机破舱/骇入时间",""
"modifier.horizons.name.drone_life_time","Drone Life Time","Drone Life Time","","Tiempo de vida del Dron","Temps de vie du drone","Tempo de Vida do Drone","Время работы дрона","无人机有效时间",""
"modifier.horizons.name.drone_max_jettisoned_cargo","Drone Max Jettisoned Cargo","Drone Max Jettisoned Cargo","","Máxima Carga expulsada del Dron","","Capacidade Máxima de Alijamento do Drone","Максимальный объем сброшенного дроном груза","最大货物获取量",""
"modifier.horizons.name.drone_min_jettisoned_cargo","Drone Min Jettisoned Cargo","Drone Min Jettisoned Cargo","","Mínima carga expulsada del Dron","","Capacidade Mínima de Alijamento do Drone","Минимальный объем сброшенного дроном груза","最小货物获取量",""
"modifier.horizons.name.drone_multi_target_speed","Drone Multi Target Speed","Drone Multi Target Speed","","Velocidad del dron multi-objetivo","Vitesse multi-cible du drone","Velocidade Multialvos do Drone","Скорость дрона в свободном режиме","无人机多目标速度",""
"modifier.horizons.name.drone_repair_capacity","Drone Repair Capacity","Drone Repair Capacity","","Capacidad de reparación del Dron","Capacité de réparation du drone","Capacidade de Reparo do Drone","Сила ремонта дроном","无人机维修量",""
"modifier.horizons.name.drone_speed","Drone Speed","Drone Speed","","Velocidad del Dron","Vitesse du drone","Velocidade do Drone","Скорость дрона","无人机速度",""
"modifier.horizons.name.drone_target_range","Drone Target Range","Drone Target Range","","Rango de objetivo del Dron","","Raio de Alcance de Alvo do Drone","Скорость нацеленного дрона","无人机目标范围",""
"modifier.horizons.name.dss_patch_radius","Probe Radius","Probe Radius","Sondenradius","Radio de la sonda","Rayon de sonde","Raio da sonda","Радиус действия зонда","探测半径",""
"modifier.horizons.name.duration","Duration","Duration","","Duración","Durée","Duração","Продолжительность","持续时间",""
"modifier.horizons.name.ecm_active_power_consumption","Ecm Active Power Consumption","Ecm Active Power Consumption","","Consumo de Energía Usando la Contramedida","","Consumo Ativo de Energia da CME","Активное потребление энергии ЭПД/РЭБ","配电器电量消耗",""
"modifier.horizons.name.ecm_cooldown","Ecm Cooldown","Ecm Cooldown","","Enfriamiento de la Contramedida","","Resfriamento da CME","Время остывания ЭПД/РЭБ","冷却时间",""
"modifier.horizons.name.ecm_heat","Ecm Heat","Ecm Heat","","Calor de la Contramedida","","Calor da CME","Нагрев ЭПД/РЭБ","废热",""
"modifier.horizons.name.ecm_range","Ecm Range","Ecm Range","","Rango de la Contramedida","","Alcance da CME","Дальность ЭПД/РЭБ","有效范围",""
"modifier.horizons.name.ecm_time_to_charge","Ecm Time To Charge","Ecm Time To Charge","","Tiempo para cargar de la Contramedida","","Tempo de Carregamento da CME"," Время зарядки ЭПД/РЭБ","充能时间",""
"modifier.horizons.name.effectiveness_increase_against_munitions","Effectiveness Increase Against Munitions","Effectiveness Increase Against Munitions","Effektivitätserhöhung gegen Munition","Aumento de la efectividad contra las municiones","Augmentation de l’efficacité contre les munitions","Aumento da eficiência contra munições","Повышение эффективности боеприпасов","提升对弹头（导弹，鱼雷等）的伤害效果",""
"modifier.horizons.name.emergency_life_support","Emergency Life Support","Emergency Life Support","","Soporte Vital de Emergencia","","Suporte de Vida de Emergência","Экстренная система жизнеобеспечения","紧急维生时间",""
"modifier.horizons.name.energy_per_regen","Energy Per Regen","Energy Per Regen","","Energía por Regeneración","","Energia por Regeneração","Энергии на регенерацию","配电器电量消耗",""
"modifier.horizons.name.engine_minimum_mass","Engine Minimum Mass","Engine Minimum Mass","","Masa Mínima del Motor","","Massa Mínima do Motor","Минимальная масса","最小推进质量",""
"modifier.horizons.name.engine_optimal_mass","Engine Optimal Mass","Engine Optimal Mass","","Masa Óptima del Motor","","Massa Ótima do Motor","Оптимальная масса","最佳推进质量",""
"modifier.horizons.name.engine_thermal_load","Engine Thermal Load","Engine Thermal Load","","Carga Térmica del Motor","","Carga Térmica do Motor","Тепловая нагрузка","废热",""
"modifier.horizons.name.engines_capacity","Engines Capacity","Engines Capacity","Motorenkapazität","Capacidad de motores","Capacités de moteurs","Capacidade do Motor","Ресурс двигателей","引擎电容量",""
"modifier.horizons.name.engines_recharge","Engines Recharge","Engines Recharge","Motoren laden","Recarga de motores","Moteurs recharge","Recarga do Motor","Перезарядка двигателей","引擎充电速率",""
"modifier.horizons.name.explosive_damage_ratio","Explosive Damage Ratio","Explosive Damage Ratio","","Razón de daño explosivo","","Razão de Dano Explosivo","Взрывной урон","爆炸伤害比例",""
"modifier.horizons.name.explosive_resistance","Explosive Resistance","Explosive Resistance","Sprengresistenz","Resistencia explosiva","Résistance explosive","Resistência explosiva","Сопр. взрывам","爆炸抗性",""
"modifier.horizons.name.fighter_boost_speed","Fighter Boost Speed","Fighter Boost Speed","","Velocidad del Caza en Postquemador","","Velocidade de Impulso do Caça","Скорость форсажа истребителя","战斗机加力速度",""
"modifier.horizons.name.fighter_dps","Fighter Dps","Fighter Dps","","DPS del Caza","","Dps do Caça","УВС истребителя","战斗机每秒伤害",""
"modifier.horizons.name.fighter_max_speed","Fighter Max Speed","Fighter Max Speed","","Velocidad Máxima del caza","","Velocidade Máxima do Caça","Макс. скорость истребителя","战斗机最大速度",""
"modifier.horizons.name.fighter_pitch_rate","Fighter Pitch Rate","Fighter Pitch Rate","","Cabeceo del Caza","","Razão de Arfagem do Caça","Скорость тангажа истр.","战斗机俯仰速度",""
"modifier.horizons.name.fighter_roll_rate","Fighter Roll Rate","Fighter Roll Rate","","Alabeo del Caza","","Razão de Rolamento do Caça","Скорость крена истр.","战斗机滚转速度",""
"modifier.horizons.name.fighter_yaw_rate","Fighter Yaw Rate","Fighter Yaw Rate","","Guiñada del caza","","Razão de Guinada do Caça","Скорость рыскания истр.","战斗机偏航速度",""
"modifier.horizons.name.fsd_fuel_use_increase","Fsd Fuel Use Increase","Fsd Fuel Use Increase","","Aumento del Consumo de Combustible del MDD","","Aumento do Consumo do Motor de Distorção","Увеличение потребления топлива FSD","FSD燃料消耗增加",""
"modifier.horizons.name.fsd_heat_rate","Fsd Heat Rate","Fsd Heat Rate","","Tasa de calor del MDD","","Razão de Calor do Motor de Distorção","Нагрев FSD","废热",""
"modifier.horizons.name.fsd_interdictor_facing_limit","Facing Limit","Facing Limit","Gesichtsbegrenzung","Ángulo máximo del Interdictor","Limite","Limite frontal do Interditor de Motor de Distorção","Ограничение угла перехвата","拦截角度",""
"modifier.horizons.name.fsd_interdictor_facing_limit","Fsd Interdictor Facing Limit","Fsd Interdictor Facing Limit","","","","","Ограничение угла перехвата","拦截角度",""
"modifier.horizons.name.fsd_interdictor_range","Fsd Interdictor Range","Fsd Interdictor Range","","Rango del Interdictor","","Alcance do Interditor de Motor de Distorção","Дальность","拦截范围",""
"modifier.horizons.name.fsd_optimised_mass","Fsd Optimised Mass","Fsd Optimised Mass","","Masa Óptima del MDD","Masse optimisée (FSD)","Massa Otimizada do Motor de Distorção","Опт. масса","最佳跃迁质量",""
"modifier.horizons.name.fuel_capacity","Fuel Capacity","Fuel Capacity","","Capacidad de Combustible","Capacité de carburant","Capacidade de Combustível","Емкость","燃料容量",""
"modifier.horizons.name.fuel_cost","Fuel Cost","Fuel Cost","","Coste de Combustible","Coût en carburant","Consumo de Combustível","Стоимость топлива","燃料价格",""
"modifier.horizons.name.fuel_efficiency","Fuel Efficiency","Fuel Efficiency","Kraftstoffeffizienz","Eficiencia de combustible","La consommation de carburant","Eficiência do combustível","Эффективность топлива","燃料效率",""
"modifier.horizons.name.fuel_multiplier","Fuel Multiplier","Fuel Multiplier","","Multiplicador de Combustible","","Multiplicador de Combustível","Множитель топлива","燃料消耗比率",""
"modifier.horizons.name.fuel_power","Fuel Power","Fuel Power","","Energía del Combustible","","Capacidade Energética do Combustível","Интенсивность забора топлива","燃料效率指数",""
"modifier.horizons.name.fuel_reserve","Fuel Reserve","Fuel Reserve","","Reserva de Combustible","Réserve de carburant","Reserva de Combustível","Топливный резерв","燃料储备",""
"modifier.horizons.name.heat_capacity","Heat Capacity","Heat Capacity","","Capacidad Térmica","Capacité thermique","Capacidade Térmica","Тепловая емкость","热量容量",""
"modifier.horizons.name.heat_dissipation","Heat Dissipation","Heat Dissipation","Wärmeableitung","Disipación de calor","Dissipation de la chaleur","Dissipação de calor","Бонусное теплорассеяние","散热",""
"modifier.horizons.name.heat_dissipation_max","Heat Dissipation Max","Heat Dissipation Max","","Máxima Disipación de Calor","Dissipation thermique max","Dissipação de Calor Máxima","Максимальное теплорассеяние","最大散热",""
"modifier.horizons.name.heat_dissipation_min","Heat Dissipation Min","Heat Dissipation Min","","Mínima Disipación de Calor","Dissipation thermique min","Dissipação de Calor Mínima","Минимальное теплорассеяние","最小散热",""
"modifier.horizons.name.heat_efficiency","Heat Efficiency","Heat Efficiency","Wärmeeffizienz","Eficiencia térmica","Efficacité thermique","Eficiência térmica","Теплоэффективность","热效率",""
"modifier.horizons.name.heat_reduced_when_striking_a_target","Heat Reduced When Striking A Target","Heat Reduced When Striking A Target","Wärme reduziert, wenn ein Ziel getroffen wird","El calor se reduce cuando golpea a un objetivo","La chaleur réduite lors de la frappe d’une cible","Calor Reduzido ao Atingir Alvo","Охлаждает корабль при попадании по цели","命中目标时热量减少",""
"modifier.horizons.name.heatsink_duration","Duration","Duration","Dauer","Duración","Durée","Duração","Продолжительность","持续时间",""
"modifier.horizons.name.hull_boost","Hull Boost","Hull Boost","Rumpfschub","Potenciador de casco","Boost de la coque","Incremento do Casco","Усиление корпуса","船体增强",""
"modifier.horizons.name.hull_reinforcement","Hull Reinforcement","Hull Reinforcement","Rumpfverstärkung","refuerzo estructural","Renforcement de la coque","Reforço do Casco","Усилитель корпуса","船体加固",""
"modifier.horizons.name.hull_strength","Hull Strength","Hull Strength","Rumpfstärke","Fuerza del casco","Force de coque","Força do Casco","Прочность корпуса","船体强度",""
"modifier.horizons.name.integrity","Integrity","Integrity","Integrität","Integridad","Intégrité","Integridade","Целостность","完整度",""
"modifier.horizons.name.jam_duration","Jam Duration","Jam Duration","","Duración de Interferencia","","Duração de Interferência","Продолжительность подваления","扰乱持续时间",""
"modifier.horizons.name.jitter","Jitter","Jitter","","Desviación","Giron","Nervosismo","Колебания","抖动/散布",""
"modifier.horizons.name.jump_range","Jump Range","Jump Range","Sprungbereich","Rango de salto","Plage de saut","Alcance de Salto","Расстояние прыжка","跃迁范围",""
"modifier.horizons.name.jump_range_increase","Jump Range Increase","Jump Range Increase","","Aumento del rango de salto","Augmentation de la portée de saut","Incremento de Alcance de Salto","Увеличение расстояния прыжка","跃迁范围加成",""
"modifier.horizons.name.kinetic_damage_ratio","Kinetic Damage Ratio","Kinetic Damage Ratio","","Porcentaje de daño cinético","","Razão de Dano CInético","Кинетический урон","动能伤害比例",""
"modifier.horizons.name.kinetic_resistance","Kinetic Resistance","Kinetic Resistance","Kinetischer Widerstand","Resistencia cinética","Résistance cinétique","Resistência cinética","Сопр. кинетическому урону","动能抗性",""
"modifier.horizons.name.limpets","Limpets","Limpets","","Drones","Drones","Drones","Дроны","无人机",""
"modifier.horizons.name.mass","Mass","Mass","Masse","Masa","Masse","Massa","Масса","质量",""
"modifier.horizons.name.mass_lock","Mass Lock","Mass Lock","","Bloqueo de Masa","","Bloqueio de Massa","Фактор масс-лока","质量锁定",""
"modifier.horizons.name.max_active_limpets","Max Active Limpets","Max Active Limpets","","Máximo de drones activos","Drones actifs max","Número Máximos de Drones Ativos","Макс. кол-во активных дронов","最大激活无人机数",""
"modifier.horizons.name.max_angle","Max Angle","Max Angle","","Ángulo máximo","","Ângulo Máximo","Макс. угол","最大角度",""
"modifier.horizons.name.max_breach_chance","Max Breach Chance","Max Breach Chance","","Porcentaje Máximo de Fisura","","Chance de Violação Máxima","Максимальный шанс пробития","最大模组破坏几率",""
"modifier.horizons.name.max_fuel_per_jump","Max Fuel Per Jump","Max Fuel Per Jump","","Máximo de Combustible por Salto","","Consumo Máximo por Salto","Максимум топлива на прыжок","每跳最大耗油量",""
"modifier.horizons.name.max_range","Max Range","Max Range","","Máximo Rango","","Alcance Máximo","Максимальное расстояние","最大范围",""
"modifier.horizons.name.maximum_mass","Maximum Mass","Maximum Mass","","Masa Máxima","","Massa Máxima","Максимальная масса","最大推进质量",""
"modifier.horizons.name.maximum_muliplier","Maximum Multiplier","Maximum Multiplier","","","","","Максимальный множитель","最大倍率",""
"modifier.horizons.name.maximum_range","Maximum Range","Maximum Range","Maximale Reichweite","Rango Máximo","Plage maximale","Alcance Máximo","Максимальная дальность","最大射程",""
"modifier.horizons.name.min_breach_chance","Min Breach Chance","Min Breach Chance","","Porcentaje Mínimo de Fisura","","Chance de Violação Mínima","Минимальный шанс пробития","最小模组破坏几率",""
"modifier.horizons.name.min_pitch_speed","Min Pitch Speed","Min Pitch Speed","","Velocidad Mínima de Cabeceo","","Velocidade de Arfagem Mínima","Минимальная скорость тангажа","最小俯仰速度",""
"modifier.horizons.name.mine_bonus","Mine Bonus","Mine Bonus","","Bonus de Mina","","","Шахтерский бонус","矿藏加成",""
"modifier.horizons.name.minimum_multiplier","Minimum Multiplier","Minimum Multiplier","","Multiplicador mínimo","Multiplicateur minimum","Multiplicador Mínimo","Минимальный множитель","最小倍率",""
"modifier.horizons.name.module_defence_absorption","Module Defence Absorption","Module Defence Absorption","","Módulo de absorción de defensa","","Absorção do Módulo de Defesa","Поглощение урона модулям","模组伤害防护",""
"modifier.horizons.name.no_damage_to_untargeted_ships","No Damage To Untargeted Ships","No Damage To Untargeted Ships","Kein Schaden an nicht gezielten Schiffen","No hace daño a naves no fijadas","Aucun dommage aux navires non ciblés","Sem danos a naves não visadas","Не наносит урон кораблям, которые не выбраны в цель","对目标以外的舰船不造成伤害",""
"modifier.horizons.name.optimal_mass","Optimal Mass","Optimal Mass","Optimale Masse","Masa óptima","Masse optimale","Massa ideal","Оптимальная масса","最佳质量",""
"modifier.horizons.name.optimal_multiplier","Optimal Multiplier","Optimal Multiplier","Optimaler Multiplikator","Multiplicador óptimo","Multiplicateur optimal","Multiplicador ideal","Оптимальный усилитель","最佳倍率",""
"modifier.horizons.name.part_of_damage_through_shields","Part Of Damage Through Shields","Part Of Damage Through Shields","Teil des Schadens durch Schilde","Parte del daño atraviesa los escudos","Une partie des dégâts par des boucliers","Parte dos danos através de escudos","Часть урона проходит сквозь щиты","部分伤害穿盾",""
"modifier.horizons.name.pitch_speed","Pitch Speed","Pitch Speed","","Cabeceo","Vitesse de tangage","Velocidade de Arfagem","Скорость тангажа","俯仰速度",""
"modifier.horizons.name.power_boost","Power Boost","Power Boost","","Incremento de energía","","Incremento de Energia","Увеличение мощности ","电力加成",""
"modifier.horizons.name.power_capacity","Power Capacity","Power Capacity","Leistungskapazität","Capacidad de energía","La capacité de puissance","Capacidade de Energia","Общий ресурс","发电总量",""
"modifier.horizons.name.power_draw","Power Draw","Power Draw","Krafte","Consumo de energía","Tirage au sort","Consumo de Energia","Потребление энергии","电力消耗",""
"modifier.horizons.name.range","Range","Range","Bereich","Distancia","Varier","Alcance","Дальность","范围",""
"modifier.horizons.name.rate_of_fire","Rate Of Fire","Rate Of Fire","Feuerrate","Cadencia de fuego","Taux de feu","Razão de Tiro","Скорость стрельбы","射速",""
"modifier.horizons.name.refill","Refill","Refill","Nachfüllung","Reabastecer","Recharge","Reabastecimento","Пополнение","重新填充",""
"modifier.horizons.name.regen_rate","Regen Rate","Regen Rate","Regenrate","Tasa de regeneración","Taux de régénération","Taxa de regeneração","Скорость восстановления при пробое","回充速率",""
"modifier.horizons.name.reload_from_ship_fuel","Reload From Ship Fuel","Reload From Ship Fuel","Vom Schiffskraftstoff neu laden","Recarga desde el combustible de la nave","Recharger le carburant du navire","Recarregamento com combustível","Пополняет боеприпасы из топлива","使用飞船燃料装填弹药",""
"modifier.horizons.name.reload_time","Reload Time","Reload Time","Nachladezeit","Tiempo de recarga","Temps de rechargement","Tempo de recarregamento","Время перезарядки","装填时间",""
"modifier.horizons.name.repair_capacity","Repair Capacity","Repair Capacity","","Capacidad de reparación","","Capacidade de Reparo","Количество ремонта","维修材料容量",""
"modifier.horizons.name.repair_rating","Repair Rating","Repair Rating","","Tasa de Reparación","","Razão de Reparo","Рейтинг ремонта","维修品质",""
"modifier.horizons.name.repair_speed","Repair Speed","Repair Speed","Reparaturgeschwindigkeit","Velocidad de reparación","Vitesse de réparation","Velocidade de Reparo","Скорость ремонта","修理速度",""
"modifier.horizons.name.roll_speed","Roll Speed","Roll Speed","","Velocidad de Alabeo","Vitesse de roulis","Velocidade de Rolamento","Скорость крена","滚转速度",""
"modifier.horizons.name.rounds_per_shot","Rounds Per Shot","Rounds Per Shot","","Munición por disparo","","Projéteis por Tiro","Снарядов за выстрел","每发的子弹数",""
"modifier.horizons.name.scan_angle","Scan Angle","Scan Angle","Scanwinkel","Ángulo de escaneo","Angle de balayage","Ângulo de Varredura","Угол сканирования","扫描角度",""
"modifier.horizons.name.scan_time","Scan Time","Scan Time","Scan Zeit","Tiempo de escaneo","Temps de balayage","Tempo de Varredura","Время сканирования","扫描时间",""
"modifier.horizons.name.scanner_range","Scan Range","Scan Range","Scanbereich","Rango de escaneo","Plage de balayage","Alcance de varredura","Типовой диапазон","扫描范围",""
"modifier.horizons.name.scoop_rate","Scoop Rate","Scoop Rate","","Tasa de recolección","","Razão de Coleta","Скорость забора топлива","加油速率",""
"modifier.horizons.name.shield_boost","Shield Boost","Shield Boost","Schildschub","Incremento de escudo","Boost de bouclier","Incremento de Escudo","Усиление щитов","护盾增强",""
"modifier.horizons.name.shield_reinforcement","Shield Reinforcement","Shield Reinforcement","","Refuerzo de Escudos","","Reforço de Escudo","Усиление щита","护盾加固",""
"modifier.horizons.name.shield_sacrifice_amount_given","Shield Sacrifice Amount Given","Shield Sacrifice Amount Given","","Cantidad de sacrificio de escudo otorgado","","Sacrifício de Escudo Cedido","Переданное количество пожертвованной энергии щита","Shield Sacrifice Amount Given",""
"modifier.horizons.name.shield_sacrifice_amount_removed","Shield Sacrifice Amount Removed","Shield Sacrifice Amount Removed","","Cantidad de sacrificio de escudo removido","","Quantidade de Escudo Sacrificado","Отнятое количество пожертвованной энергии щита","Shield Sacrifice Amount Removed",""
"modifier.horizons.name.shieldbank_duration","Shieldbank Duration","Shieldbank Duration","","Duración del Banco de Células","","Duração de Célula de Escudo","Время работы щитонакопителя","持续时间",""
"modifier.horizons.name.shieldbank_heat","Shieldbank Heat","Shieldbank Heat","","Calor del Banco de Células","","Calor de Célula de Escudo","Нагрев щитонакопителя","废热",""
"modifier.horizons.name.shieldbank_reinforcement","Shield Reinforcement","Shield Reinforcement","Schildverstärkung","Refuerzo de escudo","Armature du bouclier","Reforço de Escudo","Усилитель щита","护盾补充",""
"modifier.horizons.name.shieldbank_spin_up","Shieldbank Spin Up","Shieldbank Spin Up","Zeit drehen","Tiempo de Inicialización","Temps de rotation","Tempo de Reinício","Время раскрутки","准备时间",""
"modifier.horizons.name.shieldbank_spin_up","Spin Up Time","Spin Up Time","","Tiempo de Inicialización","","","Время рaскрутки","准备时间",""
"modifier.horizons.name.shielded_target_heat_increased","Shielded Target Heat Increased","Shielded Target Heat Increased","Die abgeschirmte Zielwärme nahm zu","Aumenta el calor del objetivo con escudos","La chaleur cible blindé a augmenté","Aumento de Calor de Alvo com Escudo","Температура цели с щитом увеличилась","增加有护盾目标的热量",""
"modifier.horizons.name.shieldgen_maximum_mass","Maximum Mass","Maximum Mass","","Masa máxima","Masse maximale","Massa Máxima","Максимальная масса","最大防护质量",""
"modifier.horizons.name.shieldgen_maximum_strength","Maximum Strength","Maximum Strength","","Fuerza Máxima","","Rigidez Máxima","Максимальная прочность","最大强度",""
"modifier.horizons.name.shieldgen_minimum_mass","Minimum Mass","Minimum Mass","","Masa Mínima","","Massa Mínima","Минимальная масса","最小防护质量",""
"modifier.horizons.name.shieldgen_minimum_strength","Minimum Strength","Minimum Strength","","Fuerza Mínima","","Rigidez Mínima","Минимальная прочность","最小强度",""
"modifier.horizons.name.shieldgen_optimal_mass","Optimal Mass","Optimal Mass","","Masa Óptima","","Massa Ótima","Оптимальная масса","最佳防护质量",""
"modifier.horizons.name.shieldgen_optimal_strength","Optimal Strength","Optimal Strength","Optimale Stärke","Fuerza óptima","Force optimale","Força ideal","Оптимальная прочность","最佳强度",""
"modifier.horizons.name.shields","Shields","Shields","","Escudos","Boucliers","Escudos","Щиты","护盾",""
"modifier.horizons.name.shot_speed","Shot Speed","Shot Speed","Schussgeschwindigkeit","Velocidad de disparo","Vitesse de tir","Velocidade de Tiro","Скорость выстрела","炮弹速度",""
"modifier.horizons.name.spin_up_time","Spin Up Time","Spin Up Time","Zeit drehen","Tiempo de Inicialización","Temps de rotation","Tempo de Reinício","Время раскрутки","准备时间",""
"modifier.horizons.name.systems_capacity","Systems Capacity","Systems Capacity","Systemkapazität","Capacidad de sistemas","Capacité des systèmes","Capacidade de sistemas","Ресурс систем","系统电容量",""
"modifier.horizons.name.systems_recharge","Systems Recharge","Systems Recharge","Systemaufladung","Recarga de sistemas","Systèmes recharge","Recarrega de Sistemas","Перезарядка систем","系统充电速率",""
"modifier.horizons.name.target_armor_hardness_reduced","Target Armor Hardness Reduced","Target Armor Hardness Reduced","Zielpanzerhärte reduziert","La clase de Blindaje del Objetivo se reduce","La dureté de l’armure cible réduite","Rigidez da Blidagem do Alvo Reduzida","Прочность брони у цели уменьшается","减少目标装甲强度",""
"modifier.horizons.name.target_fsd_inhibited","Target FSD Inhibited","Target FSD Inhibited","Ziel FSD gehemmt","MDD del Objetivo Inhibido","Le FSD cible inhibé","Motor de Distorção do Alvo Inibido","Замедляет зарядку FSD цели","抑制目标FSD充能",""
"modifier.horizons.name.target_fsd_reboots","Target FSD Reboots","Target FSD Reboots","Target FSD -Neustarts","Reinicia el MDD del Objetivo","Redémarrage de FSD cible","Motor de Distorção do Alvo Reiniciado","Перезагружает FSD цели","使目标FSD重启",""
"modifier.horizons.name.target_gimbal_turret_tracking_reduced","Target Gimbal Turret Tracking Reduced","Target Gimbal Turret Tracking Reduced","Zielgimbal -Turmverfolgung reduziert","El giro de las torretas del objetivo se reducen","Le suivi de la tourelle cible réduit","Rastreamento de Torre Guiada Reduzida","Сбивает с наводки орудия","目标辅瞄/炮塔武器失去追踪功能",""
"modifier.horizons.name.target_heat_increased","Target Heat Increased","Target Heat Increased","Zielwärme stieg","El calor del objetivo aumenta","La chaleur cible a augmenté","Calor do Alvo Aumentado","Нагревает цель","增加目标热量",""
"modifier.horizons.name.target_loses_target_lock","Target Loses Target Lock","Target Loses Target Lock","Target verliert das Zielschloss","El objetivo pierde su nave fijada","Target perd le verrouillage cible","Alvo Perde Capacidade de Travamento","Сбивает захват цели","使目标的锁定丢失",""
"modifier.horizons.name.target_module_damage","Target Module Damage","Target Module Damage","Zielmodulschaden","Daño del módulo objetivo","Dommages causés par le module cible","Dano de Módulo Alvo","Повреждение внутренних модулей цели","对路径上所有模组造成伤害",""
"modifier.horizons.name.target_modules_malfunctions","Target Modules Malfunctions","Target Modules Malfunctions","Zielmodule Fehlfunktionen","Los módulos del objetivo sufren malfuncionamiento","Dysfonctionnement des modules cibles","Módulos do Alvo com Mal-funcionamento","Сбои модулей у цели","目标模组故障",""
"modifier.horizons.name.target_pushed_off_course","Target Pushed Off Course","Target Pushed Off Course","Zielabstieg der Kurs ab","Objetivo empujado fuera del curso","Target poussé hors cours","Alvo Deslocado da Trajetória","Отталкивает цель","使目标偏离航线",""
"modifier.horizons.name.target_sensor_acuity_reduced","Target Sensor Acuity Reduced","Target Sensor Acuity Reduced","Zielsensorschärfe reduziert","La agudeza del sensor de objetivo reducida","L’acuité du capteur cible réduit","Acuidade dos Sensores do Alvo Reduzida","Уменьшается точность сенсоров у цели","减少目标传感器侦测能力",""
"modifier.horizons.name.target_shield_cell_disrupted","Target Shield Cell Disrupted","Target Shield Cell Disrupted","Zielschildzelle gestört","Interrupción de Célula de escudo de objetivo","Cellule du bouclier cible perturbé","Célula de Escudo do Alvo Interrompida","Повреждает щитовую ячейку","中断目标的护盾电池回盾",""
"modifier.horizons.name.target_shield_generator_damaged","Target Shield Generator Damaged","Target Shield Generator Damaged","Zielschildgenerator beschädigt","Generador de escudo de objetivo dañado","Générateur de bouclier cible endommagé","Gerador de Escudo do Alvo Danificado","Повреждает щитогенератор у цели","对目标护盾生成器造成伤害",""
"modifier.horizons.name.target_signature_increased","Target Signature Increased","Target Signature Increased","Zielsignatur stieg","La firma de objetivo aumentó","La signature cible a augmenté","Assinatura do Alvo Aumentada","Сигнатура цели увеличилась","增强目标信号标记",""
"modifier.horizons.name.target_speed_reduced","Target Speed Reduced","Target Speed Reduced","Zielgeschwindigkeit reduziert","Velocidad de objetivo reducida","La vitesse cible réduite","Velocidade do Alvo Reduzida","Уменьшает скорость цели","减慢目标速度",""
"modifier.horizons.name.target_thrusters_reboot","Target Thrusters Reboot","Target Thrusters Reboot","Target Thrusters Neustart","Reinicio de impulsores de objetivo","Redémarrage des propulseurs cibles","Reinicialização dos Propulsores","Перезапускает двигатели цели","使目标推进器重启",""
"modifier.horizons.name.target_wing_shields_regenerated","Target Wing Shields Regenerated","Target Wing Shields Regenerated","Target Wing Shields regeneriert","Escudos de objetivo del equipo regenerados","Les boucliers d’aile cible régénérés","Escudos de Ala Alvo Regenerados","Щиты цели в крыле регенерируют","恢复联队目标护盾",""
"modifier.horizons.name.thermal_damage_ratio","Thermal Damage Ratio","Thermal Damage Ratio","","Porcentaje de daño Térmico","","Razão de Dano Térmico","Термический урон","热能伤害比例",""
"modifier.horizons.name.thermal_drain","Thermal Drain","Thermal Drain","","Drenaje Térmico","","Dreno Térmico","Вывод тепла","热量排出",""
"modifier.horizons.name.thermal_load","Thermal Load","Thermal Load","Wärmebelastung","Carga térmica","Charge thermique","Carga térmica","Тепловая нагрузка","废热",""
"modifier.horizons.name.thermal_resistance","Thermal Resistance","Thermal Resistance","Wärmewiderstand","Resistencia termica","Résistance thermique","Resistência térmica","Сопр. термическому урону","热能抗性",""
"modifier.horizons.name.top_speed","Top Speed","Top Speed","","Velocidad Máxima","","Velocidade Máxima","Максимальная скорость","最高速度",""
"modifier.horizons.name.typical_emission_range","Typical Emission Range","Typical Emission Range","","Rango de Emisiones Típico","","Alcance Típico de Emissões","Типичная дальность сигнатуры ","标准热信号范围",""
"modifier.horizons.name.vehicle_armour_health","Vehicle Armour Health","Vehicle Armour Health","","Blindaje del Vehículo","","Saúde da Blindagem do Veículo","Целостность брони ТРП","载具装甲量",""
"modifier.horizons.name.vehicle_cargo_capacity","Vehicle Cargo Capacity","Vehicle Cargo Capacity","","Capacidad de Carga del Vehículo","","Capacidade de Carga do Veículo","Емкость ангара ТРП","载具货物容量",""
"modifier.horizons.name.vehicle_count","Vehicle Count","Vehicle Count","","Número de Vehículos","","Contagem de Veículos","Количество ТРП","载具数量",""
"modifier.horizons.name.vehicle_fuel_capacity","Vehicle Fuel Capacity","Vehicle Fuel Capacity","","Capacidad de Combustible del Vehículo","","Capacidade de Combustível do Veículo","Топливный бак ТРП","载具燃料容量",""
"modifier.horizons.name.vehicle_hull_mass","Vehicle Hull Mass","Vehicle Hull Mass","","Masa del Casco del Vehículo","","Massa do Casco do Veículo","Масса корпуса ТРП","载具车体质量",""
"modifier.horizons.name.vehicle_shield_health","Vehicle Shield Health","Vehicle Shield Health","","Escudo del Vehículo","","Saúde do Escudo do Veículo","Емкость щита ТРП","载具护盾量",""
"modifier.horizons.name.vehicle_slots","Vehicle Slots","Vehicle Slots","","Ranuras de Vehículo","","Vagas de Veículos","Слоты ТРП","载具栏位",""
"modifier.horizons.name.weapons_capacity","Weapons Capacity","Weapons Capacity","Waffenkapazität","Capacidad de armas","Capacité d’armes","Capacidade de Armas","Орудийный ресурс","武器电容量",""
"modifier.horizons.name.weapons_recharge","Weapons Recharge","Weapons Recharge","Waffenaufladung","Recarga de armas","Recharge des armes","Recarrega de Armas","Перезарядка оружия","武器充电速率",""
"modifier.horizons.name.wing_damage_reduction","Wing Damage Reduction","Wing Damage Reduction","","Reducción de Daño del Equipo","","Redução de Dano de Ala","Снижение урона по союзнику в крыле","联队伤害减免",""
"modifier.horizons.name.wing_max_duration","Wing Max Duration","Wing Max Duration","","Duración Máxima del Equipo","","Duração Máxima de Ala","Максимальное время крыла","Wing Max Duration",""
"modifier.horizons.name.wing_min_duration","Wing Min Duration","Wing Min Duration","","Duración Minima del Equipo","","Duração Mínima de Ala","Минимальное время крыла","Wing Min Duration",""
"modifier.horizons.name.wing_shield_regeneration_increased","Wing Shield Regeneration Increased","Wing Shield Regeneration Increased","Die Regeneration der Flügelschildsteigerung nahm zu","Aumento de Regeneración de Escudo del Equipo","La régénération du bouclier des ailes a augmenté","Regeneração de Escudo de Ala Aumentada","Регенерация щита союзника в крыле увеличилась","增加联队目标护盾回充速率",""
"modifier.horizons.name.yaw_speed","Yaw Speed","Yaw Speed","","Velocidad de Guiñada","","Velocidade de Guinada","Скорость рыскания","偏航速度",""
"modifier.horizons.name.minimum_multiplier_speed","Minimum Multiplier Speed","Minimum Multiplier Speed","","Multiplicador Mínimo de Velocidad","","Multiplicador de Velocidade Mínimo","Минимальный множитель скорости","最小速度倍率",""
"modifier.horizons.name.optimal_multiplier_speed","Optimal Multiplier Speed","Optimal Multiplier Speed","","Multiplicador Óptimo de Velocidad","","Multiplicador de Velocidade Ótimo","Оптимальный множитель скорости","最佳速度倍率",""
"modifier.horizons.name.maximum_multiplier_speed","Maximum Multiplier Speed","Maximum Multiplier Speed","","Multiplicador Máximo de Velocidad","","Multiplicador de Velocidade Máximo","Максимальный множитель скорости","最大速度倍率",""
"modifier.horizons.name.minimum_multiplier_acceleration","Minimum Multiplier Acceleration","Minimum Multiplier Acceleration","","Multiplicador Mínimo de Aceleración","","Multiplicador de Aceleração Máximo","Минимальный множитель ускорения","最小加速倍率",""
"modifier.horizons.name.optimal_multiplier_acceleration","Optimal Multiplier Acceleration","Optimal Multiplier Acceleration","","Multiplicador Óptimo de Aceleración","","Multiplicador de Aceleração Ótimo","Оптимальный множитель ускорения","最佳加速倍率",""
"modifier.horizons.name.maximum_multiplier_acceleration","Maximum Multiplier Acceleration","Maximum Multiplier Acceleration","","Multiplicador Máximo de Aceleración","","Multiplicador de Aceleração Máximo","Максимальный множитель ускорения","最大加速倍率",""
"modifier.horizons.name.minimum_multiplier_rotation","Minimum Multiplier Rotation","Minimum Multiplier Rotation","","Multiplicador Mínimo de Rotación","","Multiplicador de Rotação Mínimo","Минимальный множитель вращения","最小旋转倍率",""
"modifier.horizons.name.optimal_multiplier_rotation","Optimal Multiplier Rotation","Optimal Multiplier Rotation","","Multiplicador Óptimo de Rotación","","Multiplicador de Rotação Ótimo","Оптимальный множитель вращения","最佳旋转倍率",""
"modifier.horizons.name.maximum_multiplier_rotation","Maximum Multiplier Rotation","Maximum Multiplier Rotation","","Multiplicador Máximo de Rotación","","Multiplicador de Rotação Máximo","Максимальный множитель вращения","最大旋转倍率",""
"modifier.horizons.name.manoeuvrability","Manoeuvrability","Manoeuvrability","","Maniobrabilidad","Manœuvrabilité","Manobrabilidade","Маневренность","机动性",""
"modifier.horizons.name.minimum_thrust","Minimum Thrust","Minimum Thrust","","Mínimo Empuje","","Empuxo Mínimo","Минимальная тяга","最小推力",""
"modifier.horizons.name.supercruise_overcharge","Supercruise Overcharge","","","Sobrecarga de Supercrucero","Super-navigation surchargée","Sobrecarga de Supervelocidade","Перегрузка гиперкруиза","超巡过载",""
"modifier.horizons.name.overcharge_max_speed_increase","Overcharge Max Speed Increase","","","Incremento de Velocidad Máxima de la Sobrecarga","Augmentation de la vitesse max (surcharge)","Incremento de Velocidade Máxima Sobrecarregado","Повышение максимальной скорости","超巡过载最大速度增幅",""
"modifier.horizons.name.overcharge_max_acceleration_rate","Overcharge Max Acceleration Rate","","","Incremento de Aceleración Máxima de la Sobrecarga","Taux max d’accélération (surcharge)","Razão de Aceleração Máxima Sobrecarregado","Повышение ускорения","超巡过载最大加速",""
"modifier.horizons.name.overcharge_heat_generation_rate","Overcharge Heat Generation Rate","","","Ratio de Generación de calor de la Sobrecarga","Taux de génération de chaleur (surcharge)","Razão de Geração de Calor Sobrecarregado","Повышение скорости нагрева","超巡过载额外废热",""
"modifier.horizons.name.overcharge_control_interference","Overcharge Control Interference","","","Interferencia de control de la Sobrecarga","Perturbation du pilotage (surcharge)","Interferência de Controle de Sobrecarga","Влияние перегрузки на управление","超巡过载控制干扰",""
"modifier.horizons.name.listed_power_draw","Listed Power Draw","Listed Power Draw","","Consumo de Energía Listado","","Consumo de Energia Nominal","Заявленное потребление мощности","Listed Power Draw",""
"modifier.horizons.name.boost_interval","Boost Interval","","","Intervalo de Postquemador","","","Интервал ускорения","加力间隔",""
"modifier.horizons.name.module_limit_increase","Module Limit Increase","","","","","","Увеличение лимита модуля","模块限制增加",""
"modifier.horizons.name.sensor_lock_min","Minimum Sensor Lock Range","","","","","","Минимальная дистанция захвата цели сенсорами","最小传感器锁定范围",""
"modifier.horizons.name.overcharge_fuel_consumption","Overcharge Fuel Consumption","","","","Consommation de carburant (surcharge)","","Потребление топлива в режиме ПГР","超巡过载燃料消耗",""
"modifier.horizons.name.dwarf_boost","Dwarf boost","","","","","","","",""
"modifier.horizons.name.neutron_boost","Neutron boost","","","","","","","",""
"modifier.horizons.name.max_glide_angle","Maximum Glide Angle","","","","","","","",""
"modifier.horizons.name.max_glide_speed","Glide speed","","","","","","","",""
